Passengerid,Age,Fare,sibsp,Parch,Pclass,Embarked,2urvived,Sex_male
1,22.0,7.25,1,0,3,2.0,0,0
2,38.0,712.833,1,0,1,0.0,1,1
3,26.0,7.925,0,0,3,2.0,1,1
4,35.0,53.1,1,0,1,2.0,1,1
5,35.0,8.05,0,0,3,2.0,0,0
6,28.0,84.583,0,0,3,1.0,0,0
7,54.0,518.625,0,0,1,2.0,0,0
8,2.0,21.075,3,1,3,2.0,0,0
9,27.0,111.333,0,2,3,2.0,1,1
10,14.0,300.708,1,0,2,0.0,1,1
11,4.0,16.7,1,1,3,2.0,1,1
12,58.0,26.55,0,0,1,2.0,1,1
13,20.0,8.05,0,0,3,2.0,0,0
14,39.0,31.275,1,5,3,2.0,0,0
15,14.0,78.542,0,0,3,2.0,0,1
16,55.0,16.0,0,0,2,2.0,1,1
17,2.0,29.125,4,1,3,1.0,0,0
18,28.0,13.0,0,0,2,2.0,1,0
19,31.0,18.0,1,0,3,2.0,0,1
20,28.0,7.225,0,0,3,0.0,1,1
21,35.0,26.0,0,0,2,2.0,0,0
22,34.0,13.0,0,0,2,2.0,1,0
23,15.0,80.292,0,0,3,1.0,1,1
24,28.0,35.5,0,0,1,2.0,1,0
25,8.0,21.075,3,1,3,2.0,0,1
26,38.0,313.875,1,5,3,2.0,1,1
27,28.0,7.225,0,0,3,0.0,0,0
28,19.0,263.0,3,2,1,2.0,0,0
29,28.0,78.792,0,0,3,1.0,1,1
30,28.0,78.958,0,0,3,2.0,0,0
31,40.0,277.208,0,0,1,0.0,0,0
32,28.0,1465.208,1,0,1,0.0,1,1
33,28.0,7.75,0,0,3,1.0,1,1
34,66.0,10.5,0,0,2,2.0,0,0
35,28.0,821.708,1,0,1,0.0,0,0
36,42.0,52.0,1,0,1,2.0,0,0
37,28.0,72.292,0,0,3,0.0,1,0
38,21.0,8.05,0,0,3,2.0,0,0
39,18.0,18.0,2,0,3,2.0,0,1
40,14.0,112.417,1,0,3,0.0,1,1
41,40.0,9.475,1,0,3,2.0,0,1
42,27.0,21.0,1,0,2,2.0,0,1
43,28.0,78.958,0,0,3,0.0,0,0
44,3.0,415.792,1,2,2,0.0,1,1
45,19.0,78.792,0,0,3,1.0,1,1
46,28.0,8.05,0,0,3,2.0,0,0
47,28.0,15.5,1,0,3,1.0,0,0
48,28.0,7.75,0,0,3,1.0,1,1
49,28.0,216.792,2,0,3,0.0,0,0
50,18.0,17.8,1,0,3,2.0,0,1
51,7.0,396.875,4,1,3,2.0,0,0
52,21.0,7.8,0,0,3,2.0,0,0
53,49.0,767.292,1,0,1,0.0,1,1
54,29.0,26.0,1,0,2,2.0,1,1
55,65.0,619.792,0,1,1,0.0,0,0
56,28.0,35.5,0,0,1,2.0,1,0
57,21.0,10.5,0,0,2,2.0,1,1
58,28.5,72.292,0,0,3,0.0,0,0
59,5.0,27.75,1,2,2,2.0,1,1
60,11.0,46.9,5,2,3,2.0,0,0
61,22.0,72.292,0,0,3,0.0,0,0
62,38.0,80.0,0,0,1,2.0,1,1
63,45.0,83.475,1,0,1,2.0,0,0
64,4.0,27.9,3,2,3,2.0,0,0
65,28.0,277.208,0,0,1,0.0,0,0
66,28.0,152.458,1,1,3,0.0,1,0
67,29.0,10.5,0,0,2,2.0,1,1
68,19.0,81.583,0,0,3,2.0,0,0
69,17.0,7.925,4,2,3,2.0,1,1
70,26.0,86.625,2,0,3,2.0,0,0
71,32.0,10.5,0,0,2,2.0,0,0
72,16.0,46.9,5,2,3,2.0,0,1
73,21.0,73.5,0,0,2,2.0,0,0
74,26.0,144.542,1,0,3,0.0,0,0
75,32.0,564.958,0,0,3,2.0,1,0
76,25.0,7.65,0,0,3,2.0,0,0
77,28.0,78.958,0,0,3,2.0,0,0
78,28.0,8.05,0,0,3,2.0,0,0
79,0.83,29.0,0,2,2,2.0,1,0
80,30.0,12.475,0,0,3,2.0,1,1
81,22.0,9.0,0,0,3,2.0,0,0
82,29.0,9.5,0,0,3,2.0,1,0
83,28.0,77.875,0,0,3,1.0,1,1
84,28.0,47.1,0,0,1,2.0,0,0
85,17.0,10.5,0,0,2,2.0,1,1
86,33.0,15.85,3,0,3,2.0,1,1
87,16.0,34.375,1,3,3,2.0,0,0
88,28.0,8.05,0,0,3,2.0,0,0
89,23.0,263.0,3,2,1,2.0,1,1
90,24.0,8.05,0,0,3,2.0,0,0
91,29.0,8.05,0,0,3,2.0,0,0
92,20.0,78.542,0,0,3,2.0,0,0
93,46.0,61.175,1,0,1,2.0,0,0
94,26.0,20.575,1,2,3,2.0,0,0
95,59.0,7.25,0,0,3,2.0,0,0
96,28.0,8.05,0,0,3,2.0,0,0
97,71.0,346.542,0,0,1,0.0,0,0
98,23.0,633.583,0,1,1,0.0,1,0
99,34.0,23.0,0,1,2,2.0,1,1
100,34.0,26.0,1,0,2,2.0,0,0
101,28.0,78.958,0,0,3,2.0,0,1
102,28.0,78.958,0,0,3,2.0,0,0
103,21.0,772.875,0,1,1,2.0,0,0
104,33.0,86.542,0,0,3,2.0,0,0
105,37.0,7.925,2,0,3,2.0,0,0
106,28.0,78.958,0,0,3,2.0,0,0
107,21.0,7.65,0,0,3,2.0,1,1
108,28.0,7.775,0,0,3,2.0,1,0
109,38.0,78.958,0,0,3,2.0,0,0
110,28.0,24.15,1,0,3,1.0,1,1
111,47.0,52.0,0,0,1,2.0,0,0
112,14.5,144.542,1,0,3,0.0,0,1
113,22.0,8.05,0,0,3,2.0,0,0
114,20.0,9.825,1,0,3,2.0,0,1
115,17.0,144.583,0,0,3,0.0,0,1
116,21.0,7.925,0,0,3,2.0,0,0
117,70.5,7.75,0,0,3,1.0,0,0
118,29.0,21.0,1,0,2,2.0,0,0
119,24.0,2475.208,0,1,1,0.0,0,0
120,2.0,31.275,4,2,3,2.0,0,1
121,21.0,73.5,2,0,2,2.0,0,0
122,28.0,8.05,0,0,3,2.0,0,0
123,32.5,300.708,1,0,2,0.0,0,0
124,32.5,13.0,0,0,2,2.0,1,1
125,54.0,772.875,0,1,1,2.0,0,0
126,12.0,112.417,1,0,3,0.0,1,0
127,28.0,7.75,0,0,3,1.0,0,0
128,24.0,71.417,0,0,3,2.0,1,0
129,28.0,223.583,1,1,3,0.0,1,1
130,45.0,6.975,0,0,3,2.0,0,0
131,33.0,78.958,0,0,3,0.0,0,0
132,20.0,7.05,0,0,3,2.0,0,0
133,47.0,14.5,1,0,3,2.0,0,1
134,29.0,26.0,1,0,2,2.0,1,1
135,25.0,13.0,0,0,2,2.0,0,0
136,23.0,150.458,0,0,2,0.0,0,0
137,19.0,262.833,0,2,1,2.0,1,1
138,37.0,53.1,1,0,1,2.0,0,0
139,16.0,92.167,0,0,3,2.0,0,0
140,24.0,79.2,0,0,1,0.0,0,0
141,28.0,152.458,0,2,3,0.0,0,1
142,22.0,7.75,0,0,3,2.0,1,1
143,24.0,15.85,1,0,3,2.0,1,1
144,19.0,6.75,0,0,3,1.0,0,0
145,18.0,11.5,0,0,2,2.0,0,0
146,19.0,36.75,1,1,2,2.0,0,0
147,27.0,77.958,0,0,3,2.0,1,0
148,9.0,34.375,2,2,3,2.0,0,1
149,36.5,26.0,0,2,2,2.0,0,0
150,42.0,13.0,0,0,2,2.0,0,0
151,51.0,12.525,0,0,2,2.0,0,0
152,22.0,66.6,1,0,1,2.0,1,1
153,55.5,8.05,0,0,3,2.0,0,0
154,40.5,14.5,0,2,3,2.0,0,0
155,28.0,73.125,0,0,3,2.0,0,0
156,51.0,613.792,0,1,1,0.0,0,0
157,16.0,77.333,0,0,3,1.0,1,1
158,30.0,8.05,0,0,3,2.0,0,0
159,28.0,86.625,0,0,3,2.0,0,0
160,28.0,69.55,8,2,3,2.0,0,0
161,44.0,16.1,0,1,3,2.0,0,0
162,40.0,15.75,0,0,2,2.0,1,1
163,26.0,7.775,0,0,3,2.0,0,0
164,17.0,86.625,0,0,3,2.0,0,0
165,1.0,396.875,4,1,3,2.0,0,0
166,9.0,20.525,0,2,3,2.0,1,0
167,28.0,55.0,0,1,1,2.0,1,1
168,45.0,27.9,1,4,3,2.0,0,1
169,28.0,25.925,0,0,1,2.0,0,0
170,28.0,564.958,0,0,3,2.0,0,0
171,61.0,33.5,0,0,1,2.0,0,0
172,4.0,29.125,4,1,3,1.0,0,0
173,1.0,111.333,1,1,3,2.0,1,1
174,21.0,7.925,0,0,3,2.0,0,0
175,56.0,306.958,0,0,1,0.0,0,0
176,18.0,78.542,1,1,3,2.0,0,0
177,28.0,254.667,3,1,3,2.0,0,0
178,50.0,287.125,0,0,1,0.0,0,1
179,30.0,13.0,0,0,2,2.0,0,0
180,36.0,0.0,0,0,3,2.0,0,0
181,28.0,69.55,8,2,3,2.0,0,1
182,28.0,15.05,0,0,2,0.0,0,0
183,9.0,313.875,4,2,3,2.0,0,0
184,1.0,39.0,2,1,2,2.0,1,0
185,4.0,22.025,0,2,3,2.0,1,1
186,28.0,50.0,0,0,1,2.0,0,0
187,28.0,15.5,1,0,3,1.0,1,1
188,45.0,26.55,0,0,1,2.0,1,0
189,40.0,15.5,1,1,3,1.0,0,0
190,36.0,78.958,0,0,3,2.0,0,0
191,32.0,13.0,0,0,2,2.0,1,1
192,19.0,13.0,0,0,2,2.0,0,0
193,19.0,78.542,1,0,3,2.0,1,1
194,3.0,26.0,1,1,2,2.0,1,0
195,44.0,277.208,0,0,1,0.0,1,1
196,58.0,1465.208,0,0,1,0.0,1,1
197,28.0,7.75,0,0,3,1.0,0,0
198,42.0,84.042,0,1,3,2.0,0,0
199,28.0,7.75,0,0,3,1.0,1,1
200,24.0,13.0,0,0,2,2.0,0,1
201,28.0,9.5,0,0,3,2.0,0,0
202,28.0,69.55,8,2,3,2.0,0,0
203,34.0,64.958,0,0,3,2.0,0,0
204,45.5,7.225,0,0,3,0.0,0,0
205,18.0,8.05,0,0,3,2.0,1,0
206,2.0,104.625,0,1,3,2.0,0,1
207,32.0,15.85,1,0,3,2.0,0,0
208,26.0,187.875,0,0,3,0.0,1,0
209,16.0,7.75,0,0,3,1.0,1,1
210,40.0,31.0,0,0,1,0.0,1,0
211,24.0,7.05,0,0,3,2.0,0,0
212,35.0,21.0,0,0,2,2.0,1,1
213,22.0,7.25,0,0,3,2.0,0,0
214,30.0,13.0,0,0,2,2.0,0,0
215,28.0,7.75,1,0,3,1.0,0,0
216,31.0,113.275,1,0,1,0.0,1,1
217,27.0,7.925,0,0,3,2.0,1,1
218,42.0,27.0,1,0,2,2.0,0,0
219,32.0,762.917,0,0,1,0.0,1,1
220,30.0,10.5,0,0,2,2.0,0,0
221,16.0,8.05,0,0,3,2.0,1,0
222,27.0,13.0,0,0,2,2.0,0,0
223,51.0,8.05,0,0,3,2.0,0,0
224,28.0,78.958,0,0,3,2.0,0,0
225,38.0,90.0,1,0,1,2.0,1,0
226,22.0,9.35,0,0,3,2.0,0,0
227,19.0,10.5,0,0,2,2.0,1,0
228,20.5,7.25,0,0,3,2.0,0,0
229,18.0,13.0,0,0,2,2.0,0,0
230,28.0,254.667,3,1,3,2.0,0,1
231,35.0,83.475,1,0,1,2.0,1,1
232,29.0,7.775,0,0,3,2.0,0,0
233,59.0,13.5,0,0,2,2.0,0,0
234,5.0,313.875,4,2,3,2.0,1,1
235,24.0,10.5,0,0,2,2.0,0,0
236,28.0,7.55,0,0,3,2.0,0,1
237,44.0,26.0,1,0,2,2.0,0,0
238,8.0,26.25,0,2,2,2.0,1,1
239,19.0,10.5,0,0,2,2.0,0,0
240,33.0,12.275,0,0,2,2.0,0,0
241,28.0,144.542,1,0,3,0.0,0,1
242,28.0,15.5,1,0,3,1.0,1,1
243,29.0,10.5,0,0,2,2.0,0,0
244,22.0,7.125,0,0,3,2.0,0,0
245,30.0,7.225,0,0,3,0.0,0,0
246,44.0,90.0,2,0,1,1.0,0,0
247,25.0,7.775,0,0,3,2.0,0,1
248,24.0,14.5,0,2,2,2.0,1,1
249,37.0,525.542,1,1,1,2.0,1,0
250,54.0,26.0,1,0,2,2.0,0,0
251,28.0,7.25,0,0,3,2.0,0,0
252,29.0,104.625,1,1,3,2.0,0,1
253,62.0,26.55,0,0,1,2.0,0,0
254,30.0,16.1,1,0,3,2.0,0,0
255,41.0,202.125,0,2,3,2.0,0,1
256,29.0,152.458,0,2,3,0.0,1,1
257,28.0,79.2,0,0,1,0.0,1,1
258,30.0,86.5,0,0,1,2.0,1,1
259,35.0,5123.292,0,0,1,0.0,1,1
260,50.0,26.0,0,1,2,2.0,1,1
261,28.0,7.75,0,0,3,1.0,0,0
262,3.0,313.875,4,2,3,2.0,1,0
263,52.0,79.65,1,1,1,2.0,0,0
264,40.0,0.0,0,0,1,2.0,0,0
265,28.0,7.75,0,0,3,1.0,0,1
266,36.0,10.5,0,0,2,2.0,0,0
267,16.0,396.875,4,1,3,2.0,0,0
268,25.0,7.775,1,0,3,2.0,1,0
269,58.0,1534.625,0,1,1,2.0,1,1
270,35.0,1356.333,0,0,1,2.0,1,1
271,28.0,31.0,0,0,1,2.0,0,0
272,25.0,0.0,0,0,3,2.0,1,0
273,41.0,19.5,0,1,2,2.0,1,1
274,37.0,29.7,0,1,1,0.0,0,0
275,28.0,7.75,0,0,3,1.0,1,1
276,63.0,779.583,1,0,1,2.0,1,1
277,45.0,7.75,0,0,3,2.0,0,1
278,28.0,0.0,0,0,2,2.0,0,0
279,7.0,29.125,4,1,3,1.0,0,0
280,35.0,20.25,1,1,3,2.0,1,1
281,65.0,7.75,0,0,3,1.0,0,0
282,28.0,78.542,0,0,3,2.0,0,0
283,16.0,9.5,0,0,3,2.0,0,0
284,19.0,8.05,0,0,3,2.0,1,0
285,28.0,26.0,0,0,1,2.0,0,0
286,33.0,86.625,0,0,3,0.0,0,0
287,30.0,9.5,0,0,3,2.0,1,0
288,22.0,78.958,0,0,3,2.0,0,0
289,42.0,13.0,0,0,2,2.0,1,0
290,22.0,7.75,0,0,3,1.0,1,1
291,26.0,78.85,0,0,1,2.0,1,1
292,19.0,910.792,1,0,1,0.0,1,1
293,36.0,12.875,0,0,2,0.0,0,0
294,24.0,8.85,0,0,3,2.0,0,1
295,24.0,78.958,0,0,3,2.0,0,0
296,28.0,277.208,0,0,1,0.0,0,0
297,23.5,72.292,0,0,3,0.0,0,0
298,2.0,151.55,1,2,1,2.0,0,1
299,28.0,30.5,0,0,1,2.0,1,0
300,50.0,2475.208,0,1,1,0.0,1,1
301,28.0,7.75,0,0,3,1.0,1,1
302,28.0,23.25,2,0,3,1.0,1,0
303,19.0,0.0,0,0,3,2.0,0,0
304,28.0,12.35,0,0,2,1.0,1,1
305,28.0,8.05,0,0,3,2.0,0,0
306,0.92,151.55,1,2,1,2.0,1,0
307,28.0,1108.833,0,0,1,0.0,1,1
308,17.0,108.9,1,0,1,0.0,1,1
309,30.0,24.0,1,0,2,0.0,0,0
310,30.0,569.292,0,0,1,0.0,1,1
311,24.0,831.583,0,0,1,0.0,1,1
312,18.0,262.375,2,2,1,0.0,1,1
313,26.0,26.0,1,1,2,2.0,0,1
314,28.0,78.958,0,0,3,2.0,0,0
315,43.0,26.25,1,1,2,2.0,0,0
316,26.0,78.542,0,0,3,2.0,1,1
317,24.0,26.0,1,0,2,2.0,1,1
318,54.0,14.0,0,0,2,2.0,0,0
319,31.0,1648.667,0,2,1,2.0,1,1
320,40.0,134.5,1,1,1,0.0,1,1
321,22.0,7.25,0,0,3,2.0,0,0
322,27.0,78.958,0,0,3,2.0,0,0
323,30.0,12.35,0,0,2,1.0,1,1
324,22.0,29.0,1,1,2,2.0,1,1
325,28.0,69.55,8,2,3,2.0,0,0
326,36.0,1356.333,0,0,1,0.0,1,1
327,61.0,62.375,0,0,3,2.0,0,0
328,36.0,13.0,0,0,2,2.0,1,1
329,31.0,20.525,1,1,3,2.0,1,1
330,16.0,579.792,0,1,1,0.0,1,1
331,28.0,23.25,2,0,3,1.0,1,1
332,45.5,28.5,0,0,1,2.0,0,0
333,38.0,1534.625,0,1,1,2.0,0,0
334,16.0,18.0,2,0,3,2.0,0,0
335,28.0,133.65,1,0,1,2.0,1,1
336,28.0,78.958,0,0,3,2.0,0,0
337,29.0,66.6,1,0,1,2.0,0,0
338,41.0,134.5,0,0,1,0.0,1,1
339,45.0,8.05,0,0,3,2.0,1,0
340,45.0,35.5,0,0,1,2.0,0,0
341,2.0,26.0,1,1,2,2.0,1,0
342,24.0,263.0,3,2,1,2.0,1,1
343,28.0,13.0,0,0,2,2.0,0,0
344,25.0,13.0,0,0,2,2.0,0,0
345,36.0,13.0,0,0,2,2.0,0,0
346,24.0,13.0,0,0,2,2.0,1,1
347,40.0,13.0,0,0,2,2.0,1,1
348,28.0,16.1,1,0,3,2.0,1,1
349,3.0,15.9,1,1,3,2.0,1,0
350,42.0,86.625,0,0,3,2.0,0,0
351,23.0,9.225,0,0,3,2.0,0,0
352,28.0,35.0,0,0,1,2.0,0,0
353,15.0,72.292,1,1,3,0.0,0,0
354,25.0,17.8,1,0,3,2.0,0,0
355,28.0,7.225,0,0,3,0.0,0,0
356,28.0,9.5,0,0,3,2.0,0,0
357,22.0,55.0,0,1,1,2.0,1,1
358,38.0,13.0,0,0,2,2.0,0,1
359,28.0,78.792,0,0,3,1.0,1,1
360,28.0,78.792,0,0,3,1.0,1,1
361,40.0,27.9,1,4,3,2.0,0,0
362,29.0,277.208,1,0,2,0.0,0,0
363,45.0,144.542,0,1,3,0.0,0,1
364,35.0,7.05,0,0,3,2.0,0,0
365,28.0,15.5,1,0,3,1.0,0,0
366,30.0,7.25,0,0,3,2.0,0,0
367,60.0,75.25,1,0,1,0.0,1,1
368,28.0,72.292,0,0,3,0.0,1,1
369,28.0,7.75,0,0,3,1.0,1,1
370,24.0,69.3,0,0,1,0.0,1,1
371,25.0,554.417,1,0,1,0.0,1,0
372,18.0,64.958,1,0,3,2.0,0,0
373,19.0,8.05,0,0,3,2.0,0,0
374,22.0,1356.333,0,0,1,0.0,0,0
375,3.0,21.075,3,1,3,2.0,0,1
376,28.0,821.708,1,0,1,0.0,1,1
377,22.0,7.25,0,0,3,2.0,1,1
378,27.0,211.5,0,2,1,0.0,0,0
379,20.0,40.125,0,0,3,0.0,0,0
380,19.0,7.775,0,0,3,2.0,0,0
381,42.0,227.525,0,0,1,0.0,1,1
382,1.0,157.417,0,2,3,0.0,1,1
383,32.0,7.925,0,0,3,2.0,0,0
384,35.0,52.0,1,0,1,2.0,1,1
385,28.0,78.958,0,0,3,2.0,0,0
386,18.0,73.5,0,0,2,2.0,0,0
387,1.0,46.9,5,2,3,2.0,0,0
388,36.0,13.0,0,0,2,2.0,1,1
389,28.0,77.292,0,0,3,1.0,0,0
390,17.0,12.0,0,0,2,0.0,1,1
391,36.0,120.0,1,2,1,2.0,1,0
392,21.0,77.958,0,0,3,2.0,1,0
393,28.0,7.925,2,0,3,2.0,0,0
394,23.0,113.275,1,0,1,0.0,1,1
395,24.0,16.7,0,2,3,2.0,1,1
396,22.0,77.958,0,0,3,2.0,0,0
397,31.0,78.542,0,0,3,2.0,0,1
398,46.0,26.0,0,0,2,2.0,0,0
399,23.0,10.5,0,0,2,2.0,0,0
400,28.0,12.65,0,0,2,2.0,1,1
401,39.0,7.925,0,0,3,2.0,1,0
402,26.0,8.05,0,0,3,2.0,0,0
403,21.0,9.825,1,0,3,2.0,0,1
404,28.0,15.85,1,0,3,2.0,0,0
405,20.0,86.625,0,0,3,2.0,0,1
406,34.0,21.0,1,0,2,2.0,0,0
407,51.0,7.75,0,0,3,2.0,0,0
408,3.0,18.75,1,1,2,2.0,1,0
409,21.0,7.775,0,0,3,2.0,0,0
410,28.0,254.667,3,1,3,2.0,0,1
411,28.0,78.958,0,0,3,2.0,0,0
412,28.0,68.583,0,0,3,1.0,0,0
413,33.0,90.0,1,0,1,1.0,1,1
414,28.0,0.0,0,0,2,2.0,0,0
415,44.0,7.925,0,0,3,2.0,1,0
416,28.0,8.05,0,0,3,2.0,0,1
417,34.0,32.5,1,1,2,2.0,1,1
418,18.0,13.0,0,2,2,2.0,1,1
419,30.0,13.0,0,0,2,2.0,0,0
420,10.0,24.15,0,2,3,2.0,0,1
421,28.0,78.958,0,0,3,0.0,0,0
422,21.0,77.333,0,0,3,1.0,0,0
423,29.0,7.875,0,0,3,2.0,0,0
424,28.0,14.4,1,1,3,2.0,0,1
425,18.0,202.125,1,1,3,2.0,0,0
426,28.0,7.25,0,0,3,2.0,0,0
427,28.0,26.0,1,0,2,2.0,1,1
428,19.0,26.0,0,0,2,2.0,1,1
429,28.0,7.75,0,0,3,1.0,0,0
430,32.0,8.05,0,0,3,2.0,1,0
431,28.0,26.55,0,0,1,2.0,1,0
432,28.0,16.1,1,0,3,2.0,1,1
433,42.0,26.0,1,0,2,2.0,1,1
434,17.0,7.125,0,0,3,2.0,0,0
435,50.0,55.9,1,0,1,2.0,0,0
436,14.0,120.0,1,2,1,2.0,1,1
437,21.0,34.375,2,2,3,2.0,0,1
438,24.0,18.75,2,3,2,2.0,1,1
439,64.0,263.0,1,4,1,2.0,0,0
440,31.0,10.5,0,0,2,2.0,0,0
441,45.0,26.25,1,1,2,2.0,1,1
442,20.0,9.5,0,0,3,2.0,0,0
443,25.0,7.775,1,0,3,2.0,0,0
444,28.0,13.0,0,0,2,2.0,1,1
445,28.0,81.125,0,0,3,2.0,1,0
446,4.0,818.583,0,2,1,2.0,1,0
447,13.0,19.5,0,1,2,2.0,1,1
448,34.0,26.55,0,0,1,2.0,1,0
449,5.0,192.583,2,1,3,0.0,1,1
450,52.0,30.5,0,0,1,2.0,1,0
451,36.0,27.75,1,2,2,2.0,0,0
452,28.0,199.667,1,0,3,2.0,0,0
453,30.0,27.75,0,0,1,0.0,0,0
454,49.0,891.042,1,0,1,0.0,1,0
455,28.0,8.05,0,0,3,2.0,0,0
456,29.0,78.958,0,0,3,0.0,1,0
457,65.0,26.55,0,0,1,2.0,0,0
458,28.0,518.625,1,0,1,2.0,1,1
459,50.0,10.5,0,0,2,2.0,1,1
460,28.0,7.75,0,0,3,1.0,0,0
461,48.0,26.55,0,0,1,2.0,1,0
462,34.0,8.05,0,0,3,2.0,0,0
463,47.0,38.5,0,0,1,2.0,0,0
464,48.0,13.0,0,0,2,2.0,0,0
465,28.0,8.05,0,0,3,2.0,0,0
466,38.0,7.05,0,0,3,2.0,0,0
467,28.0,0.0,0,0,2,2.0,0,0
468,56.0,26.55,0,0,1,2.0,0,0
469,28.0,7.725,0,0,3,1.0,0,0
470,0.75,192.583,2,1,3,0.0,1,1
471,28.0,7.25,0,0,3,2.0,0,0
472,38.0,86.625,0,0,3,2.0,0,0
473,33.0,27.75,1,2,2,2.0,1,1
474,23.0,137.917,0,0,2,0.0,1,1
475,22.0,98.375,0,0,3,2.0,0,1
476,28.0,52.0,0,0,1,2.0,0,0
477,34.0,21.0,1,0,2,2.0,0,0
478,29.0,70.458,1,0,3,2.0,0,0
479,22.0,75.208,0,0,3,2.0,0,0
480,2.0,122.875,0,1,3,2.0,1,1
481,9.0,46.9,5,2,3,2.0,0,0
482,28.0,0.0,0,0,2,2.0,0,0
483,50.0,8.05,0,0,3,2.0,0,0
484,63.0,95.875,0,0,3,2.0,1,1
485,25.0,910.792,1,0,1,0.0,1,0
486,28.0,254.667,3,1,3,2.0,0,1
487,35.0,90.0,1,0,1,2.0,1,1
488,58.0,29.7,0,0,1,0.0,0,0
489,30.0,8.05,0,0,3,2.0,0,0
490,9.0,15.9,1,1,3,2.0,1,0
491,28.0,199.667,1,0,3,2.0,0,0
492,21.0,7.25,0,0,3,2.0,0,0
493,55.0,30.5,0,0,1,2.0,0,0
494,71.0,495.042,0,0,1,0.0,0,0
495,21.0,8.05,0,0,3,2.0,0,0
496,28.0,144.583,0,0,3,0.0,0,0
497,54.0,782.667,1,0,1,0.0,1,1
498,28.0,15.1,0,0,3,2.0,0,0
499,25.0,151.55,1,2,1,2.0,0,1
500,24.0,77.958,0,0,3,2.0,0,0
501,17.0,86.625,0,0,3,2.0,0,0
502,21.0,7.75,0,0,3,1.0,0,1
503,28.0,76.292,0,0,3,1.0,0,1
504,37.0,95.875,0,0,3,2.0,0,1
505,16.0,86.5,0,0,1,2.0,1,1
506,18.0,108.9,1,0,1,0.0,0,0
507,33.0,26.0,0,2,2,2.0,1,1
508,28.0,26.55,0,0,1,2.0,1,0
509,28.0,22.525,0,0,3,2.0,0,0
510,26.0,564.958,0,0,3,2.0,1,0
511,29.0,7.75,0,0,3,1.0,1,0
512,28.0,8.05,0,0,3,2.0,0,0
513,36.0,262.875,0,0,1,2.0,1,0
514,54.0,59.4,1,0,1,0.0,1,1
515,24.0,74.958,0,0,3,2.0,0,0
516,47.0,340.208,0,0,1,2.0,0,0
517,34.0,10.5,0,0,2,2.0,1,1
518,28.0,24.15,0,0,3,1.0,0,0
519,36.0,26.0,1,0,2,2.0,1,1
520,32.0,78.958,0,0,3,2.0,0,0
521,30.0,93.5,0,0,1,2.0,1,1
522,22.0,78.958,0,0,3,2.0,0,0
523,28.0,7.225,0,0,3,0.0,0,0
524,44.0,579.792,0,1,1,0.0,1,1
525,28.0,72.292,0,0,3,0.0,0,0
526,40.5,7.75,0,0,3,1.0,0,0
527,50.0,10.5,0,0,2,2.0,1,1
528,28.0,2217.792,0,0,1,2.0,0,0
529,39.0,7.925,0,0,3,2.0,0,0
530,23.0,11.5,2,1,2,2.0,0,0
531,2.0,26.0,1,1,2,2.0,1,1
532,28.0,72.292,0,0,3,0.0,0,0
533,17.0,72.292,1,1,3,0.0,0,0
534,28.0,223.583,0,2,3,0.0,1,1
535,30.0,86.625,0,0,3,2.0,0,1
536,7.0,26.25,0,2,2,2.0,1,1
537,45.0,26.55,0,0,1,2.0,0,0
538,30.0,106.425,0,0,1,0.0,1,1
539,28.0,14.5,0,0,3,2.0,0,0
540,22.0,49.5,0,2,1,0.0,1,1
541,36.0,71.0,0,2,1,2.0,1,1
542,9.0,31.275,4,2,3,2.0,0,1
543,11.0,31.275,4,2,3,2.0,0,1
544,32.0,26.0,1,0,2,2.0,1,0
545,50.0,106.425,1,0,1,0.0,0,0
546,64.0,26.0,0,0,1,2.0,0,0
547,19.0,26.0,1,0,2,2.0,1,1
548,28.0,138.625,0,0,2,0.0,1,0
549,33.0,20.525,1,1,3,2.0,0,0
550,8.0,36.75,1,1,2,2.0,1,0
551,17.0,1108.833,0,2,1,0.0,1,0
552,27.0,26.0,0,0,2,2.0,0,0
553,28.0,78.292,0,0,3,1.0,0,0
554,22.0,7.225,0,0,3,0.0,1,0
555,22.0,7.775,0,0,3,2.0,1,1
556,62.0,26.55,0,0,1,2.0,0,0
557,48.0,39.6,1,0,1,0.0,1,1
558,28.0,227.525,0,0,1,0.0,0,0
559,39.0,79.65,1,1,1,2.0,1,1
560,36.0,17.4,1,0,3,2.0,1,1
561,28.0,7.75,0,0,3,1.0,0,0
562,40.0,78.958,0,0,3,2.0,0,0
563,28.0,13.5,0,0,2,2.0,0,0
564,28.0,8.05,0,0,3,2.0,0,0
565,28.0,8.05,0,0,3,2.0,0,1
566,24.0,24.15,2,0,3,2.0,0,0
567,19.0,78.958,0,0,3,2.0,0,0
568,29.0,21.075,0,4,3,2.0,0,1
569,28.0,72.292,0,0,3,0.0,0,0
570,32.0,78.542,0,0,3,2.0,1,0
571,62.0,10.5,0,0,2,2.0,1,0
572,53.0,514.792,2,0,1,2.0,1,1
573,36.0,263.875,0,0,1,2.0,1,0
574,28.0,7.75,0,0,3,1.0,1,1
575,16.0,8.05,0,0,3,2.0,0,0
576,19.0,14.5,0,0,3,2.0,0,0
577,34.0,13.0,0,0,2,2.0,1,1
578,39.0,55.9,1,0,1,2.0,1,1
579,28.0,144.583,1,0,3,0.0,0,1
580,32.0,7.925,0,0,3,2.0,1,0
581,25.0,30.0,1,1,2,2.0,1,1
582,39.0,1108.833,1,1,1,0.0,1,1
583,54.0,26.0,0,0,2,2.0,0,0
584,36.0,40.125,0,0,1,0.0,0,0
585,28.0,87.125,0,0,3,0.0,0,0
586,18.0,79.65,0,2,1,2.0,1,1
587,47.0,15.0,0,0,2,2.0,0,0
588,60.0,79.2,1,1,1,0.0,1,0
589,22.0,8.05,0,0,3,2.0,0,0
590,28.0,8.05,0,0,3,2.0,0,0
591,35.0,7.125,0,0,3,2.0,0,0
592,52.0,782.667,1,0,1,0.0,1,1
593,47.0,7.25,0,0,3,2.0,0,0
594,28.0,7.75,0,2,3,1.0,0,1
595,37.0,26.0,1,0,2,2.0,0,0
596,36.0,24.15,1,1,3,2.0,0,0
597,28.0,33.0,0,0,2,2.0,1,1
598,49.0,0.0,0,0,3,2.0,0,0
599,28.0,7.225,0,0,3,0.0,0,0
600,49.0,569.292,1,0,1,0.0,1,0
601,24.0,27.0,2,1,2,2.0,1,1
602,28.0,78.958,0,0,3,2.0,0,0
603,28.0,42.4,0,0,1,2.0,0,0
604,44.0,8.05,0,0,3,2.0,0,0
605,35.0,26.55,0,0,1,0.0,1,0
606,36.0,15.55,1,0,3,2.0,0,0
607,30.0,78.958,0,0,3,2.0,0,0
608,27.0,30.5,0,0,1,2.0,1,0
609,22.0,415.792,1,2,2,0.0,1,1
610,40.0,1534.625,0,0,1,2.0,1,1
611,39.0,31.275,1,5,3,2.0,0,1
612,28.0,7.05,0,0,3,2.0,0,0
613,28.0,15.5,1,0,3,1.0,1,1
614,28.0,7.75,0,0,3,1.0,0,0
615,35.0,8.05,0,0,3,2.0,0,0
616,24.0,65.0,1,2,2,2.0,1,1
617,34.0,14.4,1,1,3,2.0,0,0
618,26.0,16.1,1,0,3,2.0,0,1
619,4.0,39.0,2,1,2,2.0,1,1
620,26.0,10.5,0,0,2,2.0,0,0
621,27.0,144.542,1,0,3,0.0,0,0
622,42.0,525.542,1,0,1,2.0,1,0
623,20.0,157.417,1,1,3,0.0,1,0
624,21.0,78.542,0,0,3,2.0,0,0
625,21.0,16.1,0,0,3,2.0,0,0
626,61.0,323.208,0,0,1,2.0,0,0
627,57.0,12.35,0,0,2,1.0,0,0
628,21.0,779.583,0,0,1,2.0,1,1
629,26.0,78.958,0,0,3,2.0,0,0
630,28.0,77.333,0,0,3,1.0,0,0
631,80.0,30.0,0,0,1,2.0,1,0
632,51.0,70.542,0,0,3,2.0,0,0
633,32.0,30.5,0,0,1,0.0,1,0
634,28.0,0.0,0,0,1,2.0,0,0
635,9.0,27.9,3,2,3,2.0,0,1
636,28.0,13.0,0,0,2,2.0,1,1
637,32.0,7.925,0,0,3,2.0,0,0
638,31.0,26.25,1,1,2,2.0,0,0
639,41.0,396.875,0,5,3,2.0,0,1
640,28.0,16.1,1,0,3,2.0,0,0
641,20.0,78.542,0,0,3,2.0,0,0
642,24.0,69.3,0,0,1,0.0,1,1
643,2.0,27.9,3,2,3,2.0,0,1
644,28.0,564.958,0,0,3,2.0,1,0
645,0.75,192.583,2,1,3,0.0,1,1
646,48.0,767.292,1,0,1,0.0,1,0
647,19.0,78.958,0,0,3,2.0,0,0
648,56.0,35.5,0,0,1,0.0,1,0
649,28.0,7.55,0,0,3,2.0,0,0
650,23.0,7.55,0,0,3,2.0,1,1
651,28.0,78.958,0,0,3,2.0,0,0
652,18.0,23.0,0,1,2,2.0,1,1
653,21.0,84.333,0,0,3,2.0,0,0
654,28.0,78.292,0,0,3,1.0,1,1
655,18.0,6.75,0,0,3,1.0,0,1
656,24.0,73.5,2,0,2,2.0,0,0
657,28.0,78.958,0,0,3,2.0,0,0
658,32.0,15.5,1,1,3,1.0,0,1
659,23.0,13.0,0,0,2,2.0,0,0
660,58.0,113.275,0,2,1,0.0,0,0
661,50.0,133.65,2,0,1,2.0,1,0
662,40.0,7.225,0,0,3,0.0,0,0
663,47.0,255.875,0,0,1,2.0,0,0
664,36.0,74.958,0,0,3,2.0,0,0
665,20.0,7.925,1,0,3,2.0,1,0
666,32.0,73.5,2,0,2,2.0,0,0
667,25.0,13.0,0,0,2,2.0,0,0
668,28.0,7.775,0,0,3,2.0,0,0
669,43.0,8.05,0,0,3,2.0,0,0
670,28.0,52.0,1,0,1,2.0,1,1
671,40.0,39.0,1,1,2,2.0,1,1
672,31.0,52.0,1,0,1,2.0,0,0
673,70.0,10.5,0,0,2,2.0,0,0
674,31.0,13.0,0,0,2,2.0,1,0
675,28.0,0.0,0,0,2,2.0,0,0
676,18.0,7.775,0,0,3,2.0,0,0
677,24.5,8.05,0,0,3,2.0,0,0
678,18.0,98.417,0,0,3,2.0,1,1
679,43.0,46.9,1,6,3,2.0,0,1
680,36.0,5123.292,0,1,1,0.0,1,0
681,28.0,81.375,0,0,3,1.0,0,1
682,27.0,767.292,0,0,1,0.0,1,0
683,20.0,9.225,0,0,3,2.0,0,0
684,14.0,46.9,5,2,3,2.0,0,0
685,60.0,39.0,1,1,2,2.0,0,0
686,25.0,415.792,1,2,2,0.0,0,0
687,14.0,396.875,4,1,3,2.0,0,0
688,19.0,101.708,0,0,3,2.0,0,0
689,18.0,77.958,0,0,3,2.0,0,0
690,15.0,2113.375,0,1,1,2.0,1,1
691,31.0,57.0,1,0,1,2.0,1,0
692,4.0,134.167,0,1,3,0.0,1,1
693,28.0,564.958,0,0,3,2.0,1,0
694,25.0,7.225,0,0,3,0.0,0,0
695,60.0,26.55,0,0,1,2.0,0,0
696,52.0,13.5,0,0,2,2.0,0,0
697,44.0,8.05,0,0,3,2.0,0,0
698,28.0,77.333,0,0,3,1.0,1,1
699,49.0,1108.833,1,1,1,0.0,0,0
700,42.0,7.65,0,0,3,2.0,0,0
701,18.0,227.525,1,0,1,0.0,1,1
702,35.0,262.875,0,0,1,2.0,1,0
703,18.0,144.542,0,1,3,0.0,0,1
704,25.0,77.417,0,0,3,1.0,0,0
705,26.0,78.542,1,0,3,2.0,0,0
706,39.0,26.0,0,0,2,2.0,0,0
707,45.0,13.5,0,0,2,2.0,1,1
708,42.0,262.875,0,0,1,2.0,1,0
709,22.0,151.55,0,0,1,2.0,1,1
710,28.0,152.458,1,1,3,0.0,1,0
711,24.0,495.042,0,0,1,0.0,1,1
712,28.0,26.55,0,0,1,2.0,0,0
713,48.0,52.0,1,0,1,2.0,1,0
714,29.0,94.833,0,0,3,2.0,0,0
715,52.0,13.0,0,0,2,2.0,0,0
716,19.0,7.65,0,0,3,2.0,0,0
717,38.0,227.525,0,0,1,0.0,1,1
718,27.0,10.5,0,0,2,2.0,1,1
719,28.0,15.5,0,0,3,1.0,0,0
720,33.0,7.775,0,0,3,2.0,0,0
721,6.0,33.0,0,1,2,2.0,1,1
722,17.0,70.542,1,0,3,2.0,0,0
723,34.0,13.0,0,0,2,2.0,0,0
724,50.0,13.0,0,0,2,2.0,0,0
725,27.0,53.1,1,0,1,2.0,1,0
726,20.0,86.625,0,0,3,2.0,0,0
727,30.0,21.0,3,0,2,2.0,1,1
728,28.0,77.375,0,0,3,1.0,1,1
729,25.0,26.0,1,0,2,2.0,0,0
730,25.0,7.925,1,0,3,2.0,0,1
731,29.0,2113.375,0,0,1,2.0,1,1
732,11.0,187.875,0,0,3,0.0,0,0
733,28.0,0.0,0,0,2,2.0,0,0
734,23.0,13.0,0,0,2,2.0,0,0
735,23.0,13.0,0,0,2,2.0,0,0
736,28.5,16.1,0,0,3,2.0,0,0
737,48.0,34.375,1,3,3,2.0,0,1
738,35.0,5123.292,0,0,1,0.0,1,0
739,28.0,78.958,0,0,3,2.0,0,0
740,28.0,78.958,0,0,3,2.0,0,0
741,28.0,30.0,0,0,1,2.0,1,0
742,36.0,78.85,1,0,1,2.0,0,0
743,21.0,262.375,2,2,1,0.0,1,1
744,24.0,16.1,1,0,3,2.0,0,0
745,31.0,7.925,0,0,3,2.0,1,0
746,70.0,71.0,1,1,1,2.0,0,0
747,16.0,20.25,1,1,3,2.0,0,0
748,30.0,13.0,0,0,2,2.0,1,1
749,19.0,53.1,1,0,1,2.0,0,0
750,31.0,7.75,0,0,3,1.0,0,0
751,4.0,23.0,1,1,2,2.0,1,1
752,6.0,12.475,0,1,3,2.0,1,0
753,33.0,9.5,0,0,3,2.0,0,0
754,23.0,78.958,0,0,3,2.0,0,0
755,48.0,65.0,1,2,2,2.0,1,1
756,0.67,14.5,1,1,2,2.0,1,0
757,28.0,77.958,0,0,3,2.0,0,0
758,18.0,11.5,0,0,2,2.0,0,0
759,34.0,8.05,0,0,3,2.0,0,0
760,33.0,86.5,0,0,1,2.0,1,1
761,28.0,14.5,0,0,3,2.0,0,0
762,41.0,7.125,0,0,3,2.0,0,0
763,20.0,72.292,0,0,3,0.0,1,0
764,36.0,120.0,1,2,1,2.0,1,1
765,16.0,7.775,0,0,3,2.0,0,0
766,51.0,779.583,1,0,1,2.0,1,1
767,28.0,39.6,0,0,1,0.0,0,0
768,30.5,7.75,0,0,3,1.0,0,1
769,28.0,24.15,1,0,3,1.0,0,0
770,32.0,83.625,0,0,3,2.0,0,0
771,24.0,9.5,0,0,3,2.0,0,0
772,48.0,78.542,0,0,3,2.0,0,0
773,57.0,10.5,0,0,2,2.0,0,1
774,28.0,7.225,0,0,3,0.0,0,0
775,54.0,23.0,1,3,2,2.0,1,1
776,18.0,7.75,0,0,3,2.0,0,0
777,28.0,7.75,0,0,3,1.0,0,0
778,5.0,12.475,0,0,3,2.0,1,1
779,28.0,77.375,0,0,3,1.0,0,0
780,43.0,2113.375,0,1,1,2.0,1,1
781,13.0,72.292,0,0,3,0.0,1,1
782,17.0,57.0,1,0,1,2.0,1,1
783,29.0,30.0,0,0,1,2.0,0,0
784,28.0,23.45,1,2,3,2.0,0,0
785,25.0,7.05,0,0,3,2.0,0,0
786,25.0,7.25,0,0,3,2.0,0,0
787,18.0,74.958,0,0,3,2.0,1,1
788,8.0,29.125,4,1,3,1.0,0,0
789,1.0,20.575,1,2,3,2.0,1,0
790,46.0,79.2,0,0,1,0.0,0,0
791,28.0,7.75,0,0,3,1.0,0,0
792,16.0,26.0,0,0,2,2.0,0,0
793,28.0,69.55,8,2,3,2.0,0,1
794,28.0,306.958,0,0,1,0.0,0,0
795,25.0,78.958,0,0,3,2.0,0,0
796,39.0,13.0,0,0,2,2.0,0,0
797,49.0,259.292,0,0,1,2.0,1,1
798,31.0,86.833,0,0,3,2.0,1,1
799,30.0,72.292,0,0,3,0.0,0,0
800,30.0,24.15,1,1,3,2.0,0,1
801,34.0,13.0,0,0,2,2.0,0,0
802,31.0,26.25,1,1,2,2.0,1,1
803,11.0,120.0,1,2,1,2.0,1,0
804,0.42,85.167,0,1,3,0.0,1,0
805,27.0,6.975,0,0,3,2.0,1,0
806,31.0,7.775,0,0,3,2.0,0,0
807,39.0,0.0,0,0,1,2.0,0,0
808,18.0,7.775,0,0,3,2.0,0,1
809,39.0,13.0,0,0,2,2.0,0,0
810,33.0,53.1,1,0,1,2.0,1,1
811,26.0,78.875,0,0,3,2.0,0,0
812,39.0,24.15,0,0,3,2.0,0,0
813,35.0,10.5,0,0,2,2.0,0,0
814,6.0,31.275,4,2,3,2.0,0,1
815,30.5,8.05,0,0,3,2.0,0,0
816,28.0,0.0,0,0,1,2.0,0,0
817,23.0,7.925,0,0,3,2.0,0,1
818,31.0,370.042,1,1,2,0.0,0,0
819,43.0,6.45,0,0,3,2.0,0,0
820,10.0,27.9,3,2,3,2.0,0,0
821,52.0,93.5,1,1,1,2.0,1,1
822,27.0,86.625,0,0,3,2.0,1,0
823,38.0,0.0,0,0,1,2.0,0,0
824,27.0,12.475,0,1,3,2.0,1,1
825,2.0,396.875,4,1,3,2.0,0,0
826,28.0,6.95,0,0,3,1.0,0,0
827,28.0,564.958,0,0,3,2.0,0,0
828,1.0,370.042,0,2,2,0.0,1,0
829,28.0,7.75,0,0,3,1.0,1,0
830,62.0,80.0,0,0,1,2.0,1,1
831,15.0,144.542,1,0,3,0.0,1,1
832,0.83,18.75,1,1,2,2.0,1,0
833,28.0,72.292,0,0,3,0.0,0,0
834,23.0,78.542,0,0,3,2.0,0,0
835,18.0,8.3,0,0,3,2.0,0,0
836,39.0,831.583,1,1,1,0.0,1,1
837,21.0,86.625,0,0,3,2.0,0,0
838,28.0,8.05,0,0,3,2.0,0,0
839,32.0,564.958,0,0,3,2.0,1,0
840,28.0,29.7,0,0,1,0.0,1,0
841,20.0,7.925,0,0,3,2.0,0,0
842,16.0,10.5,0,0,2,2.0,0,0
843,30.0,31.0,0,0,1,0.0,1,1
844,34.5,64.375,0,0,3,0.0,0,0
845,17.0,86.625,0,0,3,2.0,0,0
846,42.0,7.55,0,0,3,2.0,0,0
847,28.0,69.55,8,2,3,2.0,0,0
848,35.0,78.958,0,0,3,0.0,0,0
849,28.0,33.0,0,1,2,2.0,0,0
850,28.0,891.042,1,0,1,0.0,1,1
851,4.0,31.275,4,2,3,2.0,0,0
852,74.0,7.775,0,0,3,2.0,0,0
853,9.0,152.458,1,1,3,0.0,0,1
854,16.0,39.4,0,1,1,2.0,1,1
855,44.0,26.0,1,0,2,2.0,0,1
856,18.0,9.35,0,1,3,2.0,1,1
857,45.0,1648.667,1,1,1,2.0,1,1
858,51.0,26.55,0,0,1,2.0,1,0
859,24.0,192.583,0,3,3,0.0,1,1
860,28.0,72.292,0,0,3,0.0,0,0
861,41.0,141.083,2,0,3,2.0,0,0
862,21.0,11.5,1,0,2,2.0,0,0
863,48.0,259.292,0,0,1,2.0,1,1
864,28.0,69.55,8,2,3,2.0,0,1
865,24.0,13.0,0,0,2,2.0,0,0
866,42.0,13.0,0,0,2,2.0,1,1
867,27.0,138.583,1,0,2,0.0,1,1
868,31.0,504.958,0,0,1,2.0,0,0
869,28.0,9.5,0,0,3,2.0,0,0
870,4.0,111.333,1,1,3,2.0,1,0
871,26.0,78.958,0,0,3,2.0,0,0
872,47.0,525.542,1,1,1,2.0,1,1
873,33.0,5.0,0,0,1,2.0,0,0
874,47.0,9.0,0,0,3,2.0,0,0
875,28.0,24.0,1,0,2,0.0,1,1
876,15.0,7.225,0,0,3,0.0,1,1
877,20.0,98.458,0,0,3,2.0,0,0
878,19.0,78.958,0,0,3,2.0,0,0
879,28.0,78.958,0,0,3,2.0,0,0
880,56.0,831.583,0,1,1,0.0,1,1
881,25.0,26.0,0,1,2,2.0,1,1
882,33.0,78.958,0,0,3,2.0,0,0
883,22.0,105.167,0,0,3,2.0,0,1
884,28.0,10.5,0,0,2,2.0,0,0
885,25.0,7.05,0,0,3,2.0,0,0
886,39.0,29.125,0,5,3,1.0,0,1
887,27.0,13.0,0,0,2,2.0,0,0
888,19.0,30.0,0,0,1,2.0,1,1
889,28.0,23.45,1,2,3,2.0,0,1
890,26.0,30.0,0,0,1,0.0,1,0
891,32.0,7.75,0,0,3,1.0,0,0
892,34.5,78.292,0,0,3,1.0,0,0
893,47.0,7.0,1,0,3,2.0,0,1
894,62.0,96.875,0,0,2,1.0,0,0
895,27.0,86.625,0,0,3,2.0,0,0
896,22.0,122.875,1,1,3,2.0,0,1
897,14.0,9.225,0,0,3,2.0,0,0
898,30.0,76.292,0,0,3,1.0,0,1
899,26.0,29.0,1,1,2,2.0,0,0
900,18.0,72.292,0,0,3,0.0,0,1
901,21.0,24.15,2,0,3,2.0,0,0
902,28.0,78.958,0,0,3,2.0,0,0
903,46.0,26.0,0,0,1,2.0,0,0
904,23.0,822.667,1,0,1,2.0,0,1
905,63.0,26.0,1,0,2,2.0,0,0
906,47.0,61.175,1,0,1,2.0,0,1
907,24.0,277.208,1,0,2,0.0,0,1
908,35.0,12.35,0,0,2,1.0,0,0
909,21.0,7.225,0,0,3,0.0,0,0
910,27.0,7.925,1,0,3,2.0,0,1
911,45.0,7.225,0,0,3,0.0,0,1
912,55.0,59.4,1,0,1,0.0,0,0
913,9.0,31.708,0,1,3,2.0,0,0
914,28.0,316.833,0,0,1,2.0,0,1
915,21.0,613.792,0,1,1,0.0,0,0
916,48.0,262.375,1,3,1,0.0,0,1
917,50.0,14.5,1,0,3,2.0,0,0
918,22.0,619.792,0,1,1,0.0,0,1
919,22.5,7.225,0,0,3,0.0,0,0
920,41.0,30.5,0,0,1,2.0,0,0
921,28.0,216.792,2,0,3,0.0,0,0
922,50.0,26.0,1,0,2,2.0,0,0
923,24.0,31.5,2,0,2,2.0,0,0
924,33.0,20.575,1,2,3,2.0,0,1
925,28.0,23.45,1,2,3,2.0,0,1
926,30.0,57.75,1,0,1,0.0,0,0
927,18.5,72.292,0,0,3,0.0,0,0
928,28.0,8.05,0,0,3,2.0,0,1
929,21.0,86.625,0,0,3,2.0,0,1
930,25.0,9.5,0,0,3,2.0,0,0
931,28.0,564.958,0,0,3,2.0,0,0
932,39.0,134.167,0,1,3,0.0,0,0
933,28.0,26.55,0,0,1,2.0,0,0
934,41.0,7.85,0,0,3,2.0,0,0
935,30.0,13.0,0,0,2,2.0,0,1
936,45.0,525.542,1,0,1,2.0,0,1
937,25.0,7.925,0,0,3,2.0,0,0
938,45.0,29.7,0,0,1,0.0,0,0
939,28.0,7.75,0,0,3,1.0,0,0
940,60.0,762.917,0,0,1,0.0,0,1
941,36.0,15.9,0,2,3,2.0,0,1
942,24.0,60.0,1,0,1,2.0,0,0
943,27.0,150.333,0,0,2,0.0,0,0
944,20.0,23.0,2,1,2,2.0,0,1
945,28.0,263.0,3,2,1,2.0,0,1
946,28.0,155.792,0,0,2,0.0,0,0
947,10.0,29.125,4,1,3,1.0,0,0
948,35.0,78.958,0,0,3,2.0,0,0
949,25.0,7.65,0,0,3,2.0,0,0
950,28.0,16.1,1,0,3,2.0,0,0
951,36.0,262.375,0,0,1,0.0,0,1
952,17.0,78.958,0,0,3,2.0,0,0
953,32.0,13.5,0,0,2,2.0,0,0
954,18.0,7.75,0,0,3,2.0,0,0
955,22.0,7.725,0,0,3,1.0,0,1
956,13.0,262.375,2,2,1,0.0,0,0
957,28.0,21.0,0,0,2,2.0,0,1
958,18.0,78.792,0,0,3,1.0,0,1
959,47.0,42.4,0,0,1,2.0,0,0
960,31.0,285.375,0,0,1,0.0,0,0
961,60.0,263.0,1,4,1,2.0,0,1
962,24.0,7.75,0,0,3,1.0,0,1
963,21.0,78.958,0,0,3,2.0,0,0
964,29.0,7.925,0,0,3,2.0,0,1
965,28.5,277.208,0,0,1,0.0,0,0
966,35.0,211.5,0,0,1,0.0,0,1
967,32.5,211.5,0,0,1,0.0,0,0
968,28.0,8.05,0,0,3,2.0,0,0
969,55.0,25.7,2,0,1,2.0,0,1
970,30.0,13.0,0,0,2,2.0,0,0
971,24.0,7.75,0,0,3,1.0,0,1
972,6.0,152.458,1,1,3,0.0,0,0
973,67.0,2217.792,1,0,1,2.0,0,0
974,49.0,26.0,0,0,1,2.0,0,0
975,28.0,78.958,0,0,3,2.0,0,0
976,28.0,107.083,0,0,2,1.0,0,0
977,28.0,144.542,1,0,3,0.0,0,0
978,27.0,78.792,0,0,3,1.0,0,1
979,18.0,8.05,0,0,3,2.0,0,1
980,28.0,7.75,0,0,3,1.0,0,1
981,2.0,23.0,1,1,2,2.0,0,0
982,22.0,13.9,1,0,3,2.0,0,1
983,28.0,7.775,0,0,3,2.0,0,0
984,27.0,52.0,1,2,1,2.0,0,1
985,28.0,8.05,0,0,3,2.0,0,0
986,25.0,26.0,0,0,1,0.0,0,0
987,25.0,77.958,0,0,3,2.0,0,0
988,76.0,78.85,1,0,1,2.0,0,1
989,29.0,7.925,0,0,3,2.0,0,0
990,20.0,78.542,0,0,3,2.0,0,1
991,33.0,8.05,0,0,3,2.0,0,0
992,43.0,554.417,1,0,1,0.0,0,1
993,27.0,26.0,1,0,2,2.0,0,0
994,28.0,7.75,0,0,3,1.0,0,0
995,26.0,7.775,0,0,3,2.0,0,0
996,16.0,85.167,1,1,3,0.0,0,1
997,28.0,22.525,0,0,3,2.0,0,0
998,21.0,78.208,0,0,3,1.0,0,0
999,28.0,7.75,0,0,3,1.0,0,0
1000,28.0,87.125,0,0,3,2.0,0,0
1001,18.5,13.0,0,0,2,2.0,0,0
1002,41.0,150.458,0,0,2,0.0,0,0
1003,28.0,77.792,0,0,3,1.0,0,1
1004,36.0,316.792,0,0,1,0.0,0,1
1005,18.5,72.833,0,0,3,1.0,0,1
1006,63.0,2217.792,1,0,1,2.0,0,1
1007,18.0,144.542,1,0,3,0.0,0,0
1008,28.0,64.375,0,0,3,0.0,0,0
1009,1.0,16.7,1,1,3,2.0,0,1
1010,36.0,752.417,0,0,1,0.0,0,0
1011,29.0,26.0,1,0,2,2.0,0,1
1012,12.0,15.75,0,0,2,2.0,0,1
1013,28.0,7.75,1,0,3,1.0,0,0
1014,35.0,57.75,1,0,1,0.0,0,1
1015,28.0,7.25,0,0,3,2.0,0,0
1016,28.0,7.75,0,0,3,1.0,0,0
1017,17.0,16.1,0,1,3,2.0,0,1
1018,22.0,77.958,0,0,3,2.0,0,0
1019,28.0,23.25,2,0,3,1.0,0,1
1020,42.0,13.0,0,0,2,2.0,0,0
1021,24.0,8.05,0,0,3,2.0,0,0
1022,32.0,8.05,0,0,3,2.0,0,0
1023,53.0,28.5,0,0,1,0.0,0,0
1024,28.0,254.667,0,4,3,2.0,0,1
1025,28.0,64.375,1,0,3,0.0,0,0
1026,43.0,78.958,0,0,3,2.0,0,0
1027,24.0,78.542,0,0,3,2.0,0,0
1028,26.5,7.225,0,0,3,0.0,0,0
1029,26.0,13.0,0,0,2,2.0,0,0
1030,23.0,8.05,0,0,3,2.0,0,1
1031,40.0,46.9,1,6,3,2.0,0,0
1032,10.0,46.9,5,2,3,2.0,0,1
1033,33.0,151.55,0,0,1,2.0,0,1
1034,61.0,262.375,1,3,1,0.0,0,0
1035,28.0,26.0,0,0,2,2.0,0,0
1036,42.0,26.55,0,0,1,2.0,0,0
1037,31.0,18.0,3,0,3,2.0,0,0
1038,28.0,518.625,0,0,1,2.0,0,0
1039,22.0,8.05,0,0,3,2.0,0,0
1040,28.0,26.55,0,0,1,2.0,0,0
1041,30.0,26.0,1,1,2,2.0,0,0
1042,23.0,831.583,0,1,1,0.0,0,1
1043,28.0,78.958,0,0,3,0.0,0,0
1044,60.5,144.542,0,0,3,2.0,0,0
1045,36.0,121.833,0,2,3,2.0,0,1
1046,13.0,313.875,4,2,3,2.0,0,0
1047,24.0,7.55,0,0,3,2.0,0,0
1048,29.0,2217.792,0,0,1,2.0,0,1
1049,23.0,78.542,0,0,3,2.0,0,1
1050,42.0,26.55,0,0,1,2.0,0,0
1051,26.0,13.775,0,2,3,2.0,0,1
1052,28.0,77.333,0,0,3,1.0,0,1
1053,7.0,152.458,1,1,3,0.0,0,0
1054,26.0,13.5,0,0,2,2.0,0,1
1055,28.0,7.0,0,0,3,2.0,0,0
1056,41.0,13.0,0,0,2,2.0,0,0
1057,26.0,22.025,1,1,3,2.0,0,1
1058,48.0,504.958,0,0,1,0.0,0,0
1059,18.0,34.375,2,2,3,2.0,0,0
1060,28.0,277.208,0,0,1,0.0,0,1
1061,22.0,89.625,0,0,3,2.0,0,1
1062,28.0,7.55,0,0,3,2.0,0,0
1063,27.0,7.225,0,0,3,0.0,0,0
1064,23.0,13.9,1,0,3,2.0,0,0
1065,28.0,72.292,0,0,3,0.0,0,0
1066,40.0,313.875,1,5,3,2.0,0,0
1067,15.0,39.0,0,2,2,2.0,0,1
1068,20.0,36.75,0,0,2,2.0,0,1
1069,54.0,554.417,1,0,1,0.0,0,0
1070,36.0,39.0,0,3,2,2.0,0,1
1071,64.0,831.583,0,2,1,0.0,0,1
1072,30.0,13.0,0,0,2,2.0,0,0
1073,37.0,831.583,1,1,1,0.0,0,0
1074,18.0,53.1,1,0,1,2.0,0,1
1075,28.0,7.75,0,0,3,1.0,0,0
1076,27.0,2475.208,1,1,1,0.0,0,1
1077,40.0,16.0,0,0,2,2.0,0,0
1078,21.0,21.0,0,1,2,2.0,0,1
1079,17.0,8.05,2,0,3,2.0,0,0
1080,28.0,69.55,8,2,3,2.0,0,1
1081,40.0,13.0,0,0,2,2.0,0,0
1082,34.0,26.0,1,0,2,2.0,0,0
1083,28.0,26.0,0,0,1,2.0,0,0
1084,11.5,14.5,1,1,3,2.0,0,0
1085,61.0,12.35,0,0,2,1.0,0,0
1086,8.0,32.5,0,2,2,2.0,0,0
1087,33.0,78.542,0,0,3,2.0,0,0
1088,6.0,134.5,0,2,1,0.0,0,0
1089,18.0,7.775,0,0,3,2.0,0,1
1090,23.0,10.5,0,0,2,2.0,0,0
1091,28.0,81.125,0,0,3,2.0,0,1
1092,28.0,15.5,0,0,3,1.0,0,1
1093,0.33,14.4,0,2,3,2.0,0,0
1094,47.0,227.525,1,0,1,0.0,0,0
1095,8.0,26.0,1,1,2,2.0,0,1
1096,25.0,10.5,0,0,2,2.0,0,0
1097,28.0,257.417,0,0,1,0.0,0,0
1098,35.0,7.75,0,0,3,1.0,0,1
1099,24.0,10.5,0,0,2,2.0,0,0
1100,33.0,277.208,0,0,1,0.0,0,1
1101,25.0,78.958,0,0,3,2.0,0,0
1102,32.0,22.525,0,0,3,2.0,0,0
1103,28.0,7.05,0,0,3,2.0,0,0
1104,17.0,73.5,0,0,2,2.0,0,0
1105,60.0,26.0,1,0,2,2.0,0,1
1106,38.0,7.775,4,2,3,2.0,0,1
1107,42.0,42.5,0,0,1,2.0,0,0
1108,28.0,78.792,0,0,3,1.0,0,1
1109,57.0,1648.667,1,1,1,2.0,0,0
1110,50.0,211.5,1,1,1,0.0,0,1
1111,28.0,8.05,0,0,3,2.0,0,0
1112,30.0,138.583,1,0,2,0.0,0,1
1113,21.0,8.05,0,0,3,2.0,0,0
1114,22.0,10.5,0,0,2,2.0,0,1
1115,21.0,77.958,0,0,3,2.0,0,0
1116,53.0,274.458,0,0,1,0.0,0,1
1117,28.0,152.458,0,2,3,0.0,0,1
1118,23.0,77.958,0,0,3,2.0,0,0
1119,28.0,7.75,0,0,3,1.0,0,1
1120,40.5,15.1,0,0,3,2.0,0,0
1121,36.0,13.0,0,0,2,2.0,0,0
1122,14.0,65.0,0,0,2,2.0,0,0
1123,21.0,26.55,0,0,1,2.0,0,1
1124,21.0,64.958,1,0,3,2.0,0,0
1125,28.0,78.792,0,0,3,1.0,0,0
1126,39.0,712.833,1,0,1,0.0,0,0
1127,20.0,78.542,0,0,3,2.0,0,0
1128,64.0,75.25,1,0,1,0.0,0,0
1129,20.0,7.225,0,0,3,0.0,0,0
1130,18.0,13.0,1,1,2,2.0,0,1
1131,48.0,106.425,1,0,1,0.0,0,1
1132,55.0,277.208,0,0,1,0.0,0,1
1133,45.0,30.0,0,2,2,2.0,0,1
1134,45.0,134.5,1,1,1,0.0,0,0
1135,28.0,78.875,0,0,3,2.0,0,0
1136,28.0,23.45,1,2,3,2.0,0,0
1137,41.0,518.625,1,0,1,2.0,0,0
1138,22.0,21.0,0,0,2,2.0,0,1
1139,42.0,32.5,1,1,2,2.0,0,0
1140,29.0,26.0,1,0,2,2.0,0,1
1141,28.0,144.542,1,0,3,0.0,0,1
1142,0.92,27.75,1,2,2,2.0,0,1
1143,20.0,7.925,0,0,3,2.0,0,0
1144,27.0,1367.792,1,0,1,0.0,0,0
1145,24.0,9.325,0,0,3,2.0,0,0
1146,32.5,9.5,0,0,3,2.0,0,0
1147,28.0,7.55,0,0,3,2.0,0,0
1148,28.0,7.75,0,0,3,1.0,0,0
1149,28.0,8.05,0,0,3,2.0,0,0
1150,19.0,13.0,0,0,2,2.0,0,1
1151,21.0,7.775,0,0,3,2.0,0,0
1152,36.5,17.4,1,0,3,2.0,0,0
1153,21.0,78.542,0,0,3,2.0,0,0
1154,29.0,23.0,0,2,2,2.0,0,1
1155,1.0,121.833,1,1,3,2.0,0,1
1156,30.0,127.375,0,0,2,0.0,0,0
1157,28.0,78.958,0,0,3,2.0,0,0
1158,28.0,0.0,0,0,1,2.0,0,0
1159,28.0,7.55,0,0,3,2.0,0,0
1160,28.0,8.05,0,0,3,2.0,0,1
1161,17.0,86.625,0,0,3,2.0,0,0
1162,46.0,752.417,0,0,1,0.0,0,0
1163,28.0,7.75,0,0,3,1.0,0,0
1164,26.0,1367.792,1,0,1,0.0,0,1
1165,28.0,15.5,1,0,3,1.0,0,1
1166,28.0,7.225,0,0,3,0.0,0,0
1167,20.0,26.0,1,0,2,2.0,0,1
1168,28.0,10.5,0,0,2,2.0,0,0
1169,40.0,26.0,1,0,2,2.0,0,0
1170,30.0,21.0,1,0,2,2.0,0,0
1171,22.0,10.5,0,0,2,2.0,0,0
1172,23.0,86.625,0,0,3,2.0,0,1
1173,0.75,13.775,1,1,3,2.0,0,0
1174,28.0,7.75,0,0,3,1.0,0,1
1175,9.0,152.458,1,1,3,0.0,0,1
1176,2.0,202.125,1,1,3,2.0,0,1
1177,36.0,7.25,0,0,3,2.0,0,0
1178,28.0,7.25,0,0,3,2.0,0,0
1179,24.0,822.667,1,0,1,2.0,0,0
1180,28.0,72.292,0,0,3,0.0,0,0
1181,28.0,8.05,0,0,3,2.0,0,0
1182,28.0,39.6,0,0,1,2.0,0,0
1183,30.0,6.95,0,0,3,1.0,0,1
1184,28.0,72.292,0,0,3,0.0,0,0
1185,53.0,818.583,1,1,1,2.0,0,0
1186,36.0,9.5,0,0,3,2.0,0,0
1187,26.0,78.958,0,0,3,2.0,0,0
1188,1.0,415.792,1,2,2,0.0,0,1
1189,28.0,216.792,2,0,3,0.0,0,0
1190,30.0,45.5,0,0,1,2.0,0,0
1191,29.0,78.542,0,0,3,2.0,0,0
1192,32.0,7.775,0,0,3,2.0,0,0
1193,28.0,150.458,0,0,2,0.0,0,0
1194,43.0,21.0,0,1,2,2.0,0,0
1195,24.0,86.625,0,0,3,2.0,0,0
1196,28.0,7.75,0,0,3,1.0,0,1
1197,64.0,26.55,1,1,1,2.0,0,1
1198,30.0,151.55,1,2,1,2.0,0,0
1199,0.83,9.35,0,1,3,2.0,0,0
1200,55.0,93.5,1,1,1,2.0,0,0
1201,45.0,141.083,1,0,3,2.0,0,1
1202,18.0,86.625,0,0,3,2.0,0,0
1203,22.0,7.225,0,0,3,0.0,0,0
1204,28.0,7.575,0,0,3,2.0,0,0
1205,37.0,7.75,0,0,3,1.0,0,1
1206,55.0,1356.333,0,0,1,0.0,0,1
1207,17.0,77.333,0,0,3,1.0,0,1
1208,57.0,1465.208,1,0,1,0.0,0,0
1209,19.0,10.5,0,0,2,2.0,0,0
1210,27.0,78.542,0,0,3,2.0,0,0
1211,22.0,31.5,2,0,2,2.0,0,0
1212,26.0,7.775,0,0,3,2.0,0,0
1213,25.0,72.292,0,0,3,0.0,0,0
1214,26.0,13.0,0,0,2,2.0,0,0
1215,33.0,26.55,0,0,1,2.0,0,0
1216,39.0,2113.375,0,0,1,2.0,0,1
1217,23.0,7.05,0,0,3,2.0,0,0
1218,12.0,39.0,2,1,2,2.0,0,1
1219,46.0,79.2,0,0,1,0.0,0,0
1220,29.0,26.0,1,0,2,2.0,0,0
1221,21.0,13.0,0,0,2,2.0,0,0
1222,48.0,36.75,0,2,2,2.0,0,1
1223,39.0,29.7,0,0,1,0.0,0,0
1224,28.0,7.225,0,0,3,0.0,0,0
1225,19.0,157.417,1,1,3,0.0,0,1
1226,27.0,78.958,0,0,3,2.0,0,0
1227,30.0,26.0,0,0,1,2.0,0,0
1228,32.0,13.0,0,0,2,2.0,0,0
1229,39.0,72.292,0,2,3,0.0,0,0
1230,25.0,31.5,0,0,2,2.0,0,0
1231,28.0,72.292,0,0,3,0.0,0,0
1232,18.0,10.5,0,0,2,2.0,0,0
1233,32.0,75.792,0,0,3,2.0,0,0
1234,28.0,69.55,1,9,3,2.0,0,0
1235,58.0,5123.292,0,1,1,0.0,0,1
1236,28.0,14.5,1,1,3,2.0,0,0
1237,16.0,7.65,0,0,3,2.0,0,1
1238,26.0,13.0,0,0,2,2.0,0,0
1239,38.0,72.292,0,0,3,0.0,0,1
1240,24.0,13.5,0,0,2,2.0,0,0
1241,31.0,21.0,0,0,2,2.0,0,1
1242,45.0,633.583,0,1,1,0.0,0,1
1243,25.0,10.5,0,0,2,2.0,0,0
1244,18.0,73.5,0,0,2,2.0,0,0
1245,49.0,65.0,1,2,2,2.0,0,0
1246,0.17,20.575,1,2,3,2.0,0,1
1247,50.0,26.0,0,0,1,2.0,0,0
1248,59.0,514.792,2,0,1,2.0,0,1
1249,28.0,78.792,0,0,3,2.0,0,0
1250,28.0,7.75,0,0,3,1.0,0,0
1251,30.0,15.55,1,0,3,2.0,0,1
1252,14.5,69.55,8,2,3,2.0,0,0
1253,24.0,370.042,1,1,2,0.0,0,1
1254,31.0,21.0,0,0,2,2.0,0,1
1255,27.0,86.625,0,0,3,2.0,0,0
1256,25.0,554.417,1,0,1,0.0,0,1
1257,28.0,69.55,1,9,3,2.0,0,1
1258,28.0,144.583,1,0,3,0.0,0,0
1259,22.0,396.875,0,0,3,2.0,0,1
1260,45.0,59.4,0,1,1,0.0,0,1
1261,29.0,138.583,0,0,2,0.0,0,0
1262,21.0,11.5,1,0,2,2.0,0,0
1263,31.0,134.5,0,0,1,0.0,0,1
1264,49.0,0.0,0,0,1,2.0,0,0
1265,44.0,13.0,0,0,2,2.0,0,0
1266,54.0,818.583,1,1,1,2.0,0,1
1267,45.0,262.375,0,0,1,0.0,0,1
1268,22.0,86.625,2,0,3,2.0,0,1
1269,21.0,11.5,0,0,2,2.0,0,0
1270,55.0,50.0,0,0,1,2.0,0,0
1271,5.0,313.875,4,2,3,2.0,0,0
1272,28.0,7.75,0,0,3,1.0,0,0
1273,26.0,78.792,0,0,3,1.0,0,0
1274,28.0,14.5,0,0,3,2.0,0,1
1275,19.0,16.1,1,0,3,2.0,0,1
1276,28.0,12.875,0,0,2,2.0,0,0
1277,24.0,65.0,1,2,2,2.0,0,1
1278,24.0,7.775,0,0,3,2.0,0,0
1279,57.0,13.0,0,0,2,2.0,0,0
1280,21.0,7.75,0,0,3,1.0,0,0
1281,6.0,21.075,3,1,3,2.0,0,0
1282,23.0,93.5,0,0,1,2.0,0,0
1283,51.0,39.4,0,1,1,2.0,0,1
1284,13.0,20.25,0,2,3,2.0,0,0
1285,47.0,10.5,0,0,2,2.0,0,0
1286,29.0,22.025,3,1,3,2.0,0,0
1287,18.0,60.0,1,0,1,2.0,0,1
1288,24.0,7.25,0,0,3,1.0,0,0
1289,48.0,79.2,1,1,1,0.0,0,1
1290,22.0,7.775,0,0,3,2.0,0,0
1291,31.0,77.333,0,0,3,1.0,0,0
1292,30.0,1648.667,0,0,1,2.0,0,1
1293,38.0,21.0,1,0,2,2.0,0,0
1294,22.0,59.4,0,1,1,0.0,0,1
1295,17.0,47.1,0,0,1,2.0,0,0
1296,43.0,277.208,1,0,1,0.0,0,0
1297,20.0,138.625,0,0,2,0.0,0,0
1298,23.0,10.5,1,0,2,2.0,0,0
1299,50.0,211.5,1,1,1,0.0,0,0
1300,28.0,77.208,0,0,3,1.0,0,1
1301,3.0,13.775,1,1,3,2.0,0,1
1302,28.0,7.75,0,0,3,1.0,0,1
1303,37.0,90.0,1,0,1,1.0,0,1
1304,28.0,7.775,0,0,3,2.0,0,1
1305,28.0,8.05,0,0,3,2.0,0,0
1306,39.0,108.9,0,0,1,0.0,0,1
1307,38.5,7.25,0,0,3,2.0,0,0
1308,28.0,8.05,0,0,3,2.0,0,0
1309,28.0,223.583,1,1,3,0.0,0,0
